{"time":0.0,"x":9.137999534606934,"y":9.741000175476074}